{
  "alphabet": "поиск: автр/лнзедя\nы.ймчьi—ehbn,moprcgêstluqdafjvéz('y)б 1у2гю805шфжцх«xà7»3!4щ-è?6эûôъ9;îḱ©@\tё\"",
  "profile": {
    "п": 0.016368596544407397,
    "о": 0.06964231585328888,
    "и": 0.04440739618066081,
    "с": 0.032737193088814794,
    "к": 0.020915428917853897,
    ":": 0.0003031221582297666,
    " ": 0.15231888451045772,
    "а": 0.05736586844498333,
    "в": 0.032964534707487114,
    "т": 0.038420733555622914,
    "р": 0.028266141254925735,
    "/": 0.0001515610791148833,
    "л": 0.027205213701121552,
    "н": 0.05001515610791149,
    "з": 0.01288269172476508,
    "е": 0.06070021218551076,
    "д": 0.017808426795998786,
    "я": 0.016217035465292514,
    "\n": 0.008866323128220673,
    "ы": 0.011897544710518338,
    ".": 0.013716277659896938,
    "й": 0.00871476204910579,
    "м": 0.019096695968475297,
    "ч": 0.010912397696271597,
    "ь": 0.011518642012731131,
    "i": 0.008032737193088816,
    "—": 0.005910882085480448,
    "e": 0.020536526220066686,
    "h": 0.0009851470142467414,
    "b": 0.0011367080933616248,
    "n": 0.007047590178842073,
    ",": 0.019172476508032738,
    "m": 0.004925735071233707,
    "o": 0.008108517732646257,
    "p": 0.004016368596544408,
    "r": 0.00780539557441649,
    "c": 0.003940588056986966,
    "g": 0.0006062443164595332,
    "ê": 0.0004546832373446499,
    "s": 0.01007881176113974,
    "t": 0.008032737193088816,
    "l": 0.005683540466808123,
    "u": 0.00735071233707184,
    "q": 0.001288269172476508,
    "d": 0.0033343437405274324,
    "a": 0.008790542588663231,
    "f": 0.0016671718702637162,
    "j": 0.0012124886329190664,
    "v": 0.0035616853591997574,
    "é": 0.0018187329493785996,
    "z": 0.0009851470142467414,
    "(": 0.0009093664746892998,
    "'": 0.001515610791148833,
    "y": 0.0003031221582297666,
    ")": 0.0009093664746892998,
    "б": 0.010457714458926948,
    " ": 0.002197635647165808,
    "1": 0.002349196726280691,
    "у": 0.015307668990603212,
    "2": 0.002121855107608366,
    "г": 0.011518642012731131,
    "ю": 0.005380418308578357,
    "8": 0.0005304637769020915,
    "0": 0.0005304637769020915,
    "5": 0.0006062443164595332,
    "ш": 0.005835101545923007,
    "ф": 0.0015913913307062746,
    "ж": 0.006971809639284632,
    "ц": 0.003485904819642316,
    "х": 0.004319490754774174,
    "«": 7.578053955744165e-05,
    "x": 0.00037890269778720825,
    "à": 0.0007578053955744165,
    "7": 0.0005304637769020915,
    "»": 7.578053955744165e-05,
    "3": 0.0005304637769020915,
    "!": 0.0005304637769020915,
    "4": 0.0004546832373446499,
    "щ": 0.001742952409821158,
    "-": 0.001515610791148833,
    "è": 0.0004546832373446499,
    "?": 0.001970294028493483,
    "6": 0.0006062443164595332,
    "э": 0.001742952409821158,
    "û": 0.0001515610791148833,
    "ô": 7.578053955744165e-05,
    "ъ": 0.00022734161867232495,
    "9": 0.0006062443164595332,
    ";": 7.578053955744165e-05,
    "î": 7.578053955744165e-05,
    "k": 0.00022734161867232495,
    "́": 7.578053955744165e-05,
    "©": 0.0001515610791148833,
    "@": 7.578053955744165e-05,
    "\t": 0.0001515610791148833,
    "ё": 0.0,
    "\"": 0.0
  }
}